,HomeTeam,AwayTeam,1,X,2
0,Bournemouth,Newcastle,0.42219731246757014,0.25239692197114744,0.3254057655612823
1,Brighton,Swansea,0.38123951757521507,0.2576650408112463,0.36109544161353857
2,Burnley,Southampton,0.5440501202969374,0.21848783315848083,0.23746204654458172
3,Leicester,Stoke,0.629064416306234,0.21350813098209753,0.15742745271166853
4,Liverpool,West Ham,0.7752232919390202,0.14122766424289893,0.0835490438180808
5,Watford,Everton,0.4557231738293715,0.17243872919763936,0.37183809697298914
6,West Brom,Huddersfield,0.4720465235678558,0.25204902437126037,0.27590445206088376
7,Crystal Palace,Tottenham,0.10438031819993432,0.2648775653883216,0.630742116411744
8,Man United,Chelsea,0.5336458266311832,0.20812911747525512,0.25822505589356176
