,HomeTeam,AwayTeam,1,X,2
0,Hertha,Mainz,0.6544356721796741,0.21682468935131868,0.12873963846900707
1,FC Koln,Hannover,0.29560617505070197,0.2483590360973221,0.45603478885197596
2,Freiburg,Werder Bremen,0.4749178934272665,0.2334666244540683,0.2916154821186652
3,Hamburg,Leverkusen,0.3579128429523416,0.24778571330333757,0.3943014437443209
4,Schalke 04,Hoffenheim,0.4667077784351446,0.23729521270554024,0.2959970088593152
5,Wolfsburg,Bayern Munich,0.2800660036177363,0.21275622245600742,0.5071777739262563
6,Augsburg,Stuttgart,0.5283996241251617,0.24262620696501672,0.22897416890982156
7,M'gladbach,Dortmund,0.24753046359985073,0.24758776731539806,0.5048817690847511
8,Ein Frankfurt,RB Leipzig,0.4468766611995859,0.24112422399414132,0.3119991148062728
