,HomeTeam,AwayTeam,1,X,2
0,Mainz,Wolfsburg,0.3695880586521448,0.2737161827553108,0.3566957585925445
1,Bayern Munich,Hertha,0.6845795802068931,0.2194175972626836,0.09600282253042332
2,Hannover,M'gladbach,0.6128483470422649,0.2136659192604138,0.1734857336973213
3,Hoffenheim,Freiburg,0.6383989576465899,0.22012739073274293,0.14147365162066725
4,Stuttgart,Ein Frankfurt,0.5087904378703382,0.1947315166224448,0.29647804550721707
5,Werder Bremen,Hamburg,0.5533422955250802,0.2188820251749022,0.22777567930001769
6,Leverkusen,Schalke 04,0.6095490073458624,0.238120023558155,0.1523309690959826
7,RB Leipzig,FC Koln,0.6714680406815516,0.22861225713573444,0.09991970218271384
8,Dortmund,Augsburg,0.6136009214393903,0.215777594232819,0.1706214843277907
